{"cameraMode":{"drawMode":0,"name":"Shaded","section":"Shading Mode"},"sceneLighting":true,"audioPlay":false,"sceneViewState":{"showFog":true,"showMaterialUpdate":false,"showSkybox":true,"showFlares":true,"showImageEffects":true,"showParticleSystems":true},"in2DMode":false,"pivot":{"x":-2.397581100463867,"y":1.4834023714065552,"z":-19.90943717956543},"rotation":{"x":-0.004936902318149805,"y":0.9951074719429016,"z":-0.07808156311511994,"w":-0.06152625381946564},"size":12.729069709777832,"orthographic":false}