{"cameraMode":{"drawMode":0,"name":"Shaded","section":"Shading Mode"},"sceneLighting":true,"audioPlay":false,"sceneViewState":{"showFog":true,"showMaterialUpdate":false,"showSkybox":true,"showFlares":true,"showImageEffects":true,"showParticleSystems":true},"in2DMode":false,"pivot":{"x":-0.4573202133178711,"y":0.7208385467529297,"z":-12.641557693481446},"rotation":{"x":-0.052708160132169726,"y":-0.9244080781936646,"z":0.1385800689458847,"w":-0.35147514939308169},"size":23.461597442626954,"orthographic":false}