{"cameraMode":{"drawMode":0,"name":"Shaded","section":"Shading Mode"},"sceneLighting":true,"audioPlay":false,"sceneViewState":{"showFog":true,"showMaterialUpdate":false,"showSkybox":true,"showFlares":true,"showImageEffects":true,"showParticleSystems":true},"in2DMode":false,"pivot":{"x":-0.07280860841274262,"y":-0.43869853019714358,"z":-19.6881160736084},"rotation":{"x":-0.0001400598557665944,"y":0.9976751208305359,"z":-0.0692618265748024,"w":-0.00024762985412962735},"size":18.650531768798829,"orthographic":false}