{"cameraMode":{"drawMode":0,"name":"Shaded","section":"Shading Mode"},"sceneLighting":true,"audioPlay":false,"sceneViewState":{"showFog":true,"showMaterialUpdate":false,"showSkybox":true,"showFlares":true,"showImageEffects":true,"showParticleSystems":true},"in2DMode":false,"pivot":{"x":-1.8965728282928467,"y":2.744259834289551,"z":-17.845426559448243},"rotation":{"x":-0.0009945685742422939,"y":0.9986215233802795,"z":-0.05128399655222893,"w":-0.0167277492582798},"size":8.868485450744629,"orthographic":false}