{"cameraMode":{"drawMode":0,"name":"Shaded","section":"Shading Mode"},"sceneLighting":true,"audioPlay":false,"sceneViewState":{"showFog":true,"showMaterialUpdate":false,"showSkybox":true,"showFlares":true,"showImageEffects":true,"showParticleSystems":true},"in2DMode":false,"pivot":{"x":-21.960922241210939,"y":-25.65463638305664,"z":-175.7911376953125},"rotation":{"x":-0.004698089323937893,"y":0.9951950907707214,"z":-0.0762813463807106,"w":-0.061286065727472308},"size":180.27496337890626,"orthographic":false}