{"cameraMode":{"drawMode":0,"name":"Shaded","section":"Shading Mode"},"sceneLighting":true,"audioPlay":false,"sceneViewState":{"showFog":true,"showMaterialUpdate":false,"showSkybox":true,"showFlares":true,"showImageEffects":true,"showParticleSystems":true},"in2DMode":false,"pivot":{"x":-4.8621063232421879,"y":-3.6122007369995119,"z":-4.613056182861328},"rotation":{"x":-0.1978532373905182,"y":0.6553853154182434,"z":-0.18364199995994569,"w":-0.7055284976959229},"size":10.352320671081543,"orthographic":false}