{"cameraMode":{"drawMode":0,"name":"Shaded","section":"Shading Mode"},"sceneLighting":true,"audioPlay":false,"sceneViewState":{"showFog":true,"showMaterialUpdate":false,"showSkybox":true,"showFlares":true,"showImageEffects":true,"showParticleSystems":true},"in2DMode":false,"pivot":{"x":-1.9781185388565064,"y":1.76108980178833,"z":-15.074158668518067},"rotation":{"x":0.0018187392270192505,"y":0.995766282081604,"z":-0.09017519652843476,"w":0.020661162212491037},"size":6.475032329559326,"orthographic":false}