{"cameraMode":{"drawMode":0,"name":"Shaded","section":"Shading Mode"},"sceneLighting":true,"audioPlay":false,"sceneViewState":{"showFog":true,"showMaterialUpdate":false,"showSkybox":true,"showFlares":true,"showImageEffects":true,"showParticleSystems":true},"in2DMode":false,"pivot":{"x":-2.5924994945526125,"y":1.6698803901672364,"z":-1.1040960550308228},"rotation":{"x":0.06548044830560684,"y":0.8508710265159607,"z":-0.10936350375413895,"w":0.5097461938858032},"size":0.21615082025527955,"orthographic":false}