{"cameraMode":{"drawMode":0,"name":"Shaded","section":"Shading Mode"},"sceneLighting":true,"audioPlay":false,"sceneViewState":{"showFog":true,"showMaterialUpdate":false,"showSkybox":true,"showFlares":true,"showImageEffects":true,"showParticleSystems":true},"in2DMode":false,"pivot":{"x":-2.3733479976654054,"y":1.2763352394104005,"z":-14.630502700805664},"rotation":{"x":-0.002450828906148672,"y":0.9972084164619446,"z":-0.06622153520584107,"w":-0.036170631647109988},"size":12.605947494506836,"orthographic":false}