{"cameraMode":{"drawMode":0,"name":"Shaded","section":"Shading Mode"},"sceneLighting":true,"audioPlay":false,"sceneViewState":{"showFog":true,"showMaterialUpdate":false,"showSkybox":true,"showFlares":true,"showImageEffects":true,"showParticleSystems":true},"in2DMode":false,"pivot":{"x":-8.44568920135498,"y":4.568801403045654,"z":-5.408903121948242},"rotation":{"x":0.0682956650853157,"y":0.8894062042236328,"z":-0.14154930412769319,"w":0.4293535351753235},"size":0.5192579030990601,"orthographic":false}