{"cameraMode":{"drawMode":0,"name":"Shaded","section":"Shading Mode"},"sceneLighting":true,"audioPlay":false,"sceneViewState":{"showFog":true,"showMaterialUpdate":false,"showSkybox":true,"showFlares":true,"showImageEffects":true,"showParticleSystems":true},"in2DMode":false,"pivot":{"x":0.02920626476407051,"y":1.1392862796783448,"z":0.12574337422847749},"rotation":{"x":-0.1747659593820572,"y":-0.17381328344345094,"z":0.03149372339248657,"w":-0.9687260389328003},"size":0.4416588544845581,"orthographic":false}