{"cameraMode":{"drawMode":0,"name":"Shaded","section":"Shading Mode"},"sceneLighting":true,"audioPlay":false,"sceneViewState":{"showFog":true,"showMaterialUpdate":false,"showSkybox":true,"showFlares":true,"showImageEffects":true,"showParticleSystems":true},"in2DMode":false,"pivot":{"x":-7.40522575378418,"y":1.5821561813354493,"z":-1.817798376083374},"rotation":{"x":-0.06582200527191162,"y":0.7762962579727173,"z":-0.08196952939033508,"w":-0.6216749548912048},"size":4.500225067138672,"orthographic":false}